City_ID,City,Lat,Lng,Max Temp,Humidity,Cloudiness,Wind Speed,Country,Date
0,ushuaia,-54.8,-68.3,1.79,75,20,1.54,AR,1717955224
1,albany,42.6001,-73.9662,19.46,84,86,0.89,US,1717954645
2,punta arenas,-53.15,-70.9167,2.06,80,75,1.54,CL,1717955149
3,port moresby,-9.4431,147.1797,24.29,91,13,4.26,PG,1717955226
4,cannonvale,-20.2833,148.7,18.66,77,0,2.65,AU,1717955226
5,pyu,18.4833,96.4333,25.55,95,100,2.98,MM,1717955226
6,kainantu,-6.2887,145.8655,15.26,97,92,0.94,PG,1717955226
7,suva,-18.1416,178.4415,18.71,100,75,1.54,FJ,1717955226
8,bani walid,31.7566,13.9942,33.84,18,5,7.47,LY,1717955226
9,iquique,-20.2208,-70.1431,19.02,75,48,1.99,CL,1717954892
10,hermanus,-34.4187,19.2345,12.67,79,5,3.97,ZA,1717955226
11,waitangi,-43.9535,-176.5597,13.23,89,100,5.81,NZ,1717955226
12,fale old settlement,-9.3852,-171.2468,28.72,72,71,3.55,TK,1717955226
13,papatowai,-46.5619,169.4708,9.08,93,100,7.15,NZ,1717955226
14,port-aux-francais,-49.35,70.2167,6.78,97,100,17.42,TF,1717955226
15,bredasdorp,-34.5322,20.0403,10.72,90,5,1.93,ZA,1717955226
16,yellowknife,62.456,-114.3525,12.29,73,75,5.14,CA,1717955227
17,iqaluit,63.7506,-68.5145,4.85,52,100,5.14,CA,1717955227
18,mitsamiouli,-11.3847,43.2844,26.79,69,95,7.42,KM,1717955227
19,pitkyaranta,61.5734,31.4792,8.62,98,99,5.02,RU,1717955227
20,la foa,-21.7108,165.8276,22.76,81,100,2.08,NC,1717955227
21,fort bragg,35.139,-79.006,34.9,40,20,4.63,US,1717955227
22,blenheim,-41.516,173.9528,11.96,94,73,3.08,NZ,1717955227
23,tari,12.4086,4.4914,37.82,32,6,1.85,NG,1717955227
24,blackmans bay,-43.0167,147.3167,3.62,88,37,0.45,AU,1717955227
25,adamstown,-25.066,-130.1015,22.29,74,44,6.32,PN,1717955227
26,gadzhiyevo,69.2551,33.3362,6.62,84,10,6.82,RU,1717955227
27,enewetak,11.3474,162.3373,28.27,82,100,7.1,MH,1717955227
28,georgetown,5.4112,100.3354,27.96,83,40,3.09,MY,1717955227
29,san pedro,14.35,121.0167,28.57,90,40,1.03,PH,1717955138
30,ilulissat,69.2167,-51.1,4.01,81,40,3.6,GL,1717955227
31,khandyga,62.6667,135.6,9.25,67,96,1.92,RU,1717955227
32,sumbe,-11.2061,13.8437,22.99,92,29,3.03,AO,1717955228
33,vilyuchinsk,52.9306,158.4028,11.15,88,99,3.59,RU,1717955228
34,edinburgh of the seven seas,-37.0676,-12.3116,14.28,82,100,7.45,SH,1717955228
35,papao,-17.75,-149.55,25.82,81,98,9.11,PF,1717955228
36,grytviken,-54.2811,-36.5092,-5.51,76,21,6.96,GS,1717955228
37,stanley,54.868,-1.6985,13.77,77,40,2.57,GB,1717955228
38,isafjordur,66.0755,-23.124,9.02,61,40,5.14,IS,1717955228
39,bikenibeu village,1.3673,173.1241,27.98,83,20,3.09,KI,1717955228
40,yebaishou,41.3975,119.6408,18.6,62,57,1.79,CN,1717955228
41,coxen hole,16.3244,-86.5366,29.6,74,100,3.09,HN,1717955228
42,usinsk,65.9939,57.5281,7.26,92,100,5.81,RU,1717955228
43,jamestown,42.097,-79.2353,20.01,61,40,6.69,US,1717954973
44,dudinka,69.4058,86.1778,3.71,94,84,3.58,RU,1717955228
45,manavgat,36.7867,31.4431,25.96,62,1,2.7,TR,1717955228
46,port elizabeth,-33.918,25.5701,11.72,87,0,1.03,ZA,1717955228
47,strasburg,48.5834,7.743,21.03,52,0,3.6,FR,1717955202
48,ulladulla,-35.35,150.4667,9.26,82,35,1.94,AU,1717955228
49,energetik,51.7445,58.7934,16.9,88,32,5.94,RU,1717955229
50,hawaiian paradise park,19.5933,-154.9731,23.82,79,75,2.57,US,1717955229
51,cabo san lucas,22.8909,-109.9124,22.61,78,1,0.45,MX,1717955154
52,kijang,35.2442,129.2139,19.85,95,39,1.72,KR,1717955229
53,hamilton,39.1834,-84.5333,25.6,50,20,4.63,US,1717955229
54,tindouf,27.6711,-8.1474,33.25,17,0,11.32,DZ,1717955229
55,susuman,62.7833,148.1667,3.88,58,96,0.89,RU,1717955229
56,saskatoon,52.1168,-106.6345,12.99,54,75,1.54,CA,1717955101
57,mahalapye,-23.1041,26.8142,12.46,44,0,3.63,BW,1717955229
58,svetlyy,54.675,20.1347,16.03,76,30,1.05,RU,1717955229
59,port mathurin,-19.6833,63.4167,24.45,80,26,7.57,MU,1717955229
60,luziania,-16.2525,-47.9503,28.88,32,67,3.73,BR,1717955229
61,ribeira grande,38.5167,-28.7,22.22,78,40,6.26,PT,1717955229
62,alpine,32.835,-116.7664,23.53,68,75,1.79,US,1717955229
63,olonkinbyen,70.9221,-8.7187,-0.69,83,59,7.95,SJ,1717955230
64,san patricio,28.017,-97.5169,34.05,43,5,7.33,US,1717955230
65,tazacorte,28.629,-17.9293,22.3,82,75,3.6,ES,1717955230
66,kodiak,57.79,-152.4072,7.73,93,100,10.29,US,1717955230
67,pisco,-13.7,-76.2167,17.03,94,100,3.09,PE,1717955230
68,holualoa,19.6228,-155.9522,23.82,83,40,5.14,US,1717955230
69,margaret river,-33.95,115.0667,15.55,58,99,11.83,AU,1717955230
70,homer,59.6425,-151.5483,12.11,64,40,6.26,US,1717955230
71,ebaye,8.7748,167.7392,29.01,79,0,4.12,MH,1717955230
72,lautoka,-17.6167,177.4667,19.92,77,20,3.09,FJ,1717955230
73,okhotsk,59.3833,143.3,3.6,94,5,1.74,RU,1717955230
74,puerto natales,-51.7236,-72.4875,-0.75,100,100,1.54,CL,1717955230
75,tiksi,71.6872,128.8694,0.08,96,98,3.5,RU,1717955230
76,baharly,38.4362,57.4316,33.16,14,55,0.44,TM,1717955230
77,puerto ayora,-0.7393,-90.3518,27.98,93,64,3.66,EC,1717955230
78,bethel,41.3712,-73.414,20.68,75,75,4.12,US,1717955018
79,lihue,21.9789,-159.3672,24.77,79,75,7.72,US,1717955230
80,takai,11.5833,9.1167,34.88,35,16,3.39,NG,1717955231
81,kirensk,57.7853,108.1119,10.54,66,37,1.79,RU,1717955231
82,luderitz,-26.6481,15.1594,20.58,32,17,3.95,NA,1717955231
83,invercargill,-46.4,168.35,8.34,94,100,2.24,NZ,1717955231
84,santa cruz,-17.8,-63.1667,30.03,54,40,12.35,BO,1717955148
85,masterton,-40.9597,175.6575,14.5,86,100,4.14,NZ,1717955231
86,codrington,-38.2667,141.9667,5.79,92,5,2.95,AU,1717955231
87,mikhaylovskaya,44.9947,40.5964,18.57,67,100,2.62,RU,1717955231
88,akureyri,65.6835,-18.0878,6.96,76,40,5.14,IS,1717955231
89,vadso,70.0744,29.7487,7.49,87,75,6.69,NO,1717955231
90,east london,-33.0153,27.9116,13.52,88,0,1.54,ZA,1717955231
91,severo-yeniseyskiy,60.3725,93.0408,8.1,98,85,1.34,RU,1717955231
92,college,64.8569,-147.8028,21.2,47,100,2.57,US,1717955231
93,uturoa,-16.7333,-151.4333,26.98,81,100,4.98,PF,1717955231
94,saipan,15.1355,145.701,28.39,78,20,4.12,MP,1717955231
95,colonia,50.9333,6.95,19.36,39,0,5.66,DE,1717955138
96,linares,-35.85,-71.6,15.15,71,93,3.91,CL,1717955135
97,port lincoln,-34.7333,135.8667,15.05,54,100,3.21,AU,1717955232
98,talas,38.6908,35.5538,18.37,55,40,3.09,TR,1717955110
99,west island,-12.1568,96.8225,26.99,83,40,2.57,CC,1717955232
100,afaahiti,-17.75,-149.2833,24.93,85,100,8.31,PF,1717955232
101,okha,53.5739,142.9478,5.14,95,100,5.36,RU,1717955232
102,mersing,2.4312,103.8405,24.95,100,40,2.57,MY,1717955232
103,huilong,31.8111,121.655,22.44,72,99,3.27,CN,1717955232
104,gizo,-8.103,156.8419,28.12,79,55,2.39,SB,1717955232
105,katsuura,35.1333,140.3,18.28,88,100,1.61,JP,1717955232
106,rodolfo sanchez taboada,31.7167,-116.5667,15.61,83,74,2.68,MX,1717955232
107,huayin,34.5675,110.0921,23.85,46,20,3.93,CN,1717955232
108,mata-utu,-13.2816,-176.1745,27.22,78,97,8.9,WF,1717955232
109,tayshet,55.9342,98.0044,12.44,98,30,2.39,RU,1717955232
110,badger,64.8,-147.5333,21.15,46,100,2.57,US,1717955233
111,tazovsky,67.4667,78.7,1.35,82,69,2.7,RU,1717955233
112,popilnia,49.9665,29.4435,16.97,99,100,3.82,UA,1717955233
113,happy valley-goose bay,53.3168,-60.3315,24.17,43,20,6.69,CA,1717955233
114,petropavlovsk-kamchatsky,53.0452,158.6483,10.33,63,75,6.26,RU,1717955233
115,la ronge,55.1001,-105.2842,7.14,87,100,2.57,CA,1717955233
116,martapura,-3.4167,114.85,26.05,94,48,1.03,ID,1717955233
117,tortoli,39.9256,9.6572,28.41,71,8,8.23,IT,1717955233
118,iskateley,67.6803,53.1512,5.01,71,97,4.92,RU,1717955233
119,essenbach,48.6167,12.2167,20.18,90,100,1.57,DE,1717955233
120,fayetteville,35.0527,-78.8784,35.27,41,0,4.63,US,1717955233
121,kingston,17.997,-76.7936,31.76,66,75,10.29,JM,1717955233
122,daru,-9.0763,143.2092,25.99,88,95,7.75,PG,1717955233
123,kalmunai,7.4167,81.8167,28.39,74,100,1.71,LK,1717955234
124,keflavik,64.0049,-22.5624,11.24,58,0,5.14,IS,1717955234
125,zeerust,-25.5369,26.0751,9.85,53,0,2.05,ZA,1717955234
126,kruisfontein,-34.0033,24.7314,10.49,74,0,1.48,ZA,1717954935
127,lycksele,64.5954,18.6735,9.68,93,40,5.66,SE,1717955075
128,arkalyk,50.2486,66.9114,22.64,60,37,3.31,KZ,1717955234
129,saint-denis,48.9167,2.3333,21.31,39,0,6.17,FR,1717955234
130,cabedelo,-6.9811,-34.8339,29.37,77,51,7.43,BR,1717955234
131,wailua homesteads,22.0669,-159.378,24.44,83,75,7.72,US,1717955234
132,ouallam,14.3188,2.0866,39.38,26,3,2.82,NE,1717955234
133,geraldton,-28.7667,114.6,19.23,77,100,4.63,AU,1717955234
134,saudarkrokur,65.7461,-19.6394,5.78,91,85,3.97,IS,1717955234
135,kasongo-lunda,-6.4667,16.8167,25.25,32,65,1.01,CD,1717955235
136,ust-nera,64.5667,143.2,6.11,50,72,1.77,RU,1717955235
137,arraial do cabo,-22.9661,-42.0278,25.98,69,0,8.75,BR,1717955235
138,preobrazheniye,42.9019,133.9064,12.55,91,61,2.57,RU,1717955235
139,hashtrud,37.4779,47.0508,18.36,40,32,3.59,IR,1717955235
140,alice springs,-23.7,133.8833,4.75,100,0,2.57,AU,1717955235
141,vilyuysk,63.7553,121.6247,13.89,75,36,2.68,RU,1717955235
142,roccella ionica,38.322,16.4009,24.01,62,64,1.29,IT,1717955235
143,three points,32.0767,-111.3137,35.55,11,61,4.4,US,1717955235
144,mount pearl,47.5166,-52.7813,17.19,75,75,4.63,CA,1717955235
145,bilibino,68.0546,166.4372,7.21,58,6,1.51,RU,1717955235
146,hadibu,12.65,54.0333,28.66,75,63,6.68,YE,1717955235
147,kavaratti,10.5669,72.642,28.08,85,100,5.64,IN,1717955235
148,vorgashor,67.5833,63.95,2.11,96,100,4.69,RU,1717954938
149,quemado de guines,22.7853,-80.2536,24.12,53,53,2.0,CU,1717955236
150,tafuna,-14.3358,-170.72,26.97,69,40,5.14,AS,1717955236
151,nouadhibou,20.931,-17.0347,24.99,65,0,9.26,MR,1717955236
152,nova vicosa,-17.8919,-39.3719,24.83,69,100,2.79,BR,1717955236
153,torghay,49.6339,63.4981,23.51,59,49,4.85,KZ,1717955236
154,sur,22.5667,59.5289,33.1,47,13,3.54,OM,1717955236
155,villennes-sur-seine,48.9414,1.9914,20.84,43,0,5.66,FR,1717955236
156,carnarvon,-24.8667,113.6333,20.81,86,100,2.6,AU,1717955236
157,majdanpek,44.4277,21.946,21.02,69,75,1.49,RS,1717955236
158,buta,2.7858,24.73,22.05,99,100,1.44,CD,1717955236
159,qaqortoq,60.7167,-46.0333,6.68,94,100,1.29,GL,1717955236
160,kandukur,15.2167,79.9167,30.47,53,99,7.03,IN,1717955236
161,anadyr,64.75,177.4833,2.28,93,0,4.0,RU,1717955236
162,minas de marcona,-15.2119,-75.1103,18.12,53,17,5.51,PE,1717955236
163,nurota,40.5614,65.6886,30.99,17,82,4.86,UZ,1717955236
164,tavrichanka,43.3378,131.8639,12.92,99,86,1.28,RU,1717955237
165,zuunmod,47.7069,106.9528,13.57,66,83,1.3,MN,1717954982
166,avarua,-21.2078,-159.775,21.03,64,40,2.06,CK,1717955237
167,nuuk,64.1835,-51.7216,5.34,100,75,6.17,GL,1717955237
168,northam,51.0333,-4.2167,14.23,79,49,6.37,GB,1717955237
169,lebu,-37.6167,-73.65,12.99,85,58,7.84,CL,1717955237
170,nueva gerona,21.8833,-82.8,31.16,62,66,4.83,CU,1717955237
171,nanga eboko,4.6833,12.3667,21.56,97,77,1.4,CM,1717955237
172,mana,5.6592,-53.7767,27.83,81,29,2.91,GF,1717955237
173,talnakh,69.4865,88.3972,3.45,98,88,1.08,RU,1717955237
174,atafu village,-8.5421,-172.5159,28.27,73,100,3.16,TK,1717955237
175,ati,13.2154,18.3353,33.6,36,69,5.78,TD,1717955237
176,whitehorse,60.7161,-135.0538,18.78,26,75,4.12,CA,1717955032
177,namibe,-15.1961,12.1522,20.41,87,18,2.21,AO,1717955237
178,st. john's,47.5649,-52.7093,17.66,74,75,4.63,CA,1717955117
179,tsiombe,-25.3,45.4833,17.71,64,97,4.87,MG,1717955237
180,san julian,21.0167,-102.1667,28.24,25,41,3.8,MX,1717955238
181,irbit,57.6705,63.071,13.05,97,100,2.42,RU,1717955238
182,tilisarao,-32.7329,-65.2911,20.11,43,2,8.37,AR,1717955238
183,thompson,55.7435,-97.8558,13.09,35,20,2.06,CA,1717955238
184,mocksville,35.894,-80.5614,27.35,66,84,4.14,US,1717955238
185,badagry,6.4167,2.8833,26.62,85,48,4.84,NG,1717955238
186,ndele,8.4109,20.6473,24.24,65,90,2.04,CF,1717954942
187,la entrada,15.05,-88.7333,33.63,50,92,0.06,HN,1717955238
188,fortuna,40.5982,-124.1573,17.18,84,75,4.12,US,1717955238
189,sisimiut,66.9395,-53.6735,1.98,99,100,1.58,GL,1717955238
190,ayorou,14.7308,0.9174,40.77,21,5,2.09,NE,1717955238
191,debesy,57.6529,53.8049,13.89,94,84,2.64,RU,1717955238
192,crane,31.3974,-102.3501,35.3,18,17,0.54,US,1717955238
193,siracusa,37.0881,15.2792,29.62,56,60,6.78,IT,1717955238
194,bamboo flat,11.7,92.7167,25.05,94,100,6.95,IN,1717955238
195,mount isa,-20.7333,139.5,5.87,87,2,1.54,AU,1717955238
196,brookings,44.3114,-96.7984,23.38,37,0,3.09,US,1717955070
197,xinzhi,36.4989,111.7047,24.64,33,64,1.23,CN,1717955239
198,tarashcha,49.5583,30.4926,18.88,74,100,3.18,UA,1717955239
199,tura,25.5198,90.2201,25.74,95,3,3.71,IN,1717955239
200,kahama,-3.8333,32.6,20.24,46,41,1.92,TZ,1717955239
201,santa ana,33.7456,-117.8678,22.63,77,100,3.6,US,1717955239
202,coquimbo,-29.9533,-71.3436,16.85,74,0,3.09,CL,1717955239
203,kudahuvadhoo,2.6708,72.8944,28.85,73,98,3.82,MV,1717955239
204,flying fish cove,-10.4217,105.6791,25.82,88,75,5.14,CX,1717955239
205,diamantina,-18.2494,-43.6003,22.58,45,26,4.06,BR,1717955239
206,gidam,18.9833,81.4,28.32,69,71,1.55,IN,1717955239
207,marsh harbour,26.5412,-77.0636,29.13,66,10,2.28,BS,1717955240
208,pokhara,28.2333,83.9833,25.54,37,26,3.46,NP,1717955196
209,kiffa,16.6166,-11.4045,40.97,20,66,2.19,MR,1717955240
210,faro,37.0194,-7.9322,24.54,73,20,7.72,PT,1717955004
211,karratha,-20.7377,116.8463,19.6,73,0,2.18,AU,1717955240
212,phu kradueng,16.8843,101.8847,25.33,93,100,1.56,TH,1717955240
213,hue,16.4667,107.6,26.06,94,75,1.03,VN,1717955240
214,zhaotong,27.3167,103.7167,14.74,91,100,0.43,CN,1717955240
215,longyearbyen,78.2186,15.6401,2.91,65,75,6.17,SJ,1717955240
216,ta`u,-14.2336,-169.5144,26.51,65,95,8.44,AS,1717955240
217,mangrol,21.1167,70.1167,29.68,79,65,5.24,IN,1717955240
218,smithers,54.7804,-127.1743,17.18,45,75,3.09,CA,1717955240
219,lompoc,34.6391,-120.4579,23.16,71,0,3.6,US,1717955137
220,kapuskasing,49.4169,-82.4331,8.05,93,100,7.2,CA,1717955162
221,tanjung pandan,-2.75,107.65,26.49,86,11,2.56,ID,1717955240
222,newman,37.3138,-121.0208,25.69,50,43,0.89,US,1717955241
223,guarapari,-20.6667,-40.4975,25.09,61,24,5.31,BR,1717955241
224,kencong,-8.2833,113.3667,24.01,93,81,0.99,ID,1717955241
225,les cayes,18.2,-73.75,29.86,72,90,5.82,HT,1717955241
226,wenshang,35.7275,116.4961,26.14,27,85,1.85,CN,1717955241
227,la'ie,21.6477,-157.9253,26.98,74,14,3.58,US,1717955241
228,mockern,52.1333,11.95,16.53,62,15,3.46,DE,1717955095
229,turbat,26.0023,63.044,32.7,49,0,5.36,PK,1717955241
230,san antonio de pale,-1.4014,5.6325,24.88,81,57,4.1,GQ,1717955241
231,mossel bay,-34.1831,22.146,11.96,76,1,1.7,ZA,1717954951
232,pimentel,-6.8367,-79.9342,23.16,60,75,6.69,PE,1717955241
233,tutoia,-2.7619,-42.2744,27.57,87,80,2.71,BR,1717955241
234,cafayate,-26.073,-65.9761,27.47,5,100,2.71,AR,1717954949
235,kargil,34.5667,76.1,6.59,36,23,3.01,IN,1717955241
236,arar,30.9753,41.0381,38.01,7,0,0.0,SA,1717955242
237,touros,-5.1989,-35.4608,27.51,79,70,6.86,BR,1717955242
238,mthatha,-31.5889,28.7844,12.31,76,0,2.57,ZA,1717955242
239,lae,-6.7221,146.9847,23.5,85,95,1.56,PG,1717955242
240,visby,57.6409,18.296,12.24,93,40,7.72,SE,1717955242
241,suoyarvi,62.0833,32.35,14.43,58,99,4.8,RU,1717955242
242,big bear city,34.2611,-116.845,24.73,14,0,4.47,US,1717955242
243,zhongshu,24.5167,103.7667,16.81,98,100,1.24,CN,1717955242
244,belyy yar,53.6039,91.3903,16.94,72,0,4.0,RU,1717955242
245,wuwei,37.9281,102.6414,18.6,25,68,2.7,CN,1717955242
246,utrik,11.2278,169.8474,28.19,81,81,6.68,MH,1717955242
247,mulayjah,27.271,48.4242,34.54,28,0,3.8,SA,1717955242
248,sao gabriel da cachoeira,-0.1303,-67.0892,27.89,83,75,2.06,BR,1717955242
249,udachny,66.4167,112.4,16.92,34,87,2.5,RU,1717955242
250,axim,4.8699,-2.2405,25.72,89,99,2.07,GH,1717954943
251,port saint john's,-31.6229,29.5448,17.14,70,0,3.25,ZA,1717955243
252,mhamid,29.82,-5.72,35.49,10,1,9.98,MA,1717955243
253,aasiaat,68.7098,-52.8699,1.9,92,97,1.94,GL,1717955243
254,hithadhoo,-0.6,73.0833,28.53,72,100,2.5,MV,1717955243
255,baymak,52.5933,58.3225,15.98,94,29,5.15,RU,1717955243
256,inirida,3.8653,-67.9239,23.58,98,100,0.56,CO,1717955243
257,babayevo,59.3936,35.9371,14.42,63,100,2.75,RU,1717955243
258,greymouth,-42.4667,171.2,13.66,95,97,3.54,NZ,1717955243
259,palmer,42.1584,-72.3287,16.95,66,75,0.0,US,1717954967
260,kamaishi,39.2667,141.8833,16.12,97,100,2.5,JP,1717955197
261,buala,-8.145,159.5921,27.3,84,65,3.23,SB,1717955243
262,salinas,36.6777,-121.6555,21.41,72,40,4.12,US,1717955243
263,verkhnevilyuysk,63.4453,120.3167,11.04,84,77,1.2,RU,1717955243
264,sao vicente,-23.9631,-46.3919,31.26,73,0,2.68,BR,1717955243
265,shatrovo,56.5167,64.6333,13.87,83,100,2.94,RU,1717955243
266,patacamaya,-17.2333,-67.9167,14.04,14,90,0.3,BO,1717955243
267,tolanaro,-25.0319,46.9987,17.04,94,75,1.54,MG,1717955244
268,paramonga,-10.6667,-77.8333,20.15,73,59,4.23,PE,1717955244
269,dunedin,-45.8742,170.5036,9.89,94,100,4.02,NZ,1717955244
270,bizerte,37.2744,9.8739,28.0,39,20,6.69,TN,1717955244
271,barcelos,41.5388,-8.6151,23.29,65,76,2.4,PT,1717955244
272,mumford,5.2618,-0.759,26.56,84,98,3.99,GH,1717955244
273,isiro,2.7739,27.616,20.03,96,100,1.75,CD,1717955244
274,rio grande,-32.035,-52.0986,28.06,67,53,6.48,BR,1717955244
275,kurchatov,51.6601,35.6521,17.23,82,54,1.74,RU,1717955244
276,sumenep,-7.0167,113.8667,26.09,87,7,4.29,ID,1717955244
277,sinabang,2.4803,96.3801,25.73,85,84,1.02,ID,1717955244
278,pawai,24.2667,80.1667,37.24,18,36,1.07,IN,1717955244
279,luckau,51.85,13.7167,21.1,54,35,3.12,DE,1717955136
280,cusseta,32.3054,-84.7727,31.92,55,16,3.52,US,1717955044
281,obihiro,42.9172,143.2044,13.82,98,100,1.78,JP,1717955245
282,jinzhou,41.1078,121.1417,20.47,41,15,1.8,CN,1717955245
283,domna,51.8971,113.1573,12.09,87,40,2.0,RU,1717955245
284,canoinhas,-26.1772,-50.39,24.61,50,28,2.2,BR,1717955245
285,rongelap,11.1635,166.8941,28.41,80,77,6.61,MH,1717955245
286,anacapri,40.5558,14.2136,25.98,64,75,1.54,IT,1717955245
287,hasaki,35.7333,140.8333,18.22,77,100,2.77,JP,1717955245
288,labrador city,52.9463,-66.9114,22.95,31,75,3.6,CA,1717955111
289,key largo,25.0865,-80.4473,30.56,62,23,3.58,US,1717955245
290,kalemie,-5.9475,29.1947,21.72,59,27,2.2,CD,1717955245
291,mende,44.6667,3.5,14.28,96,87,2.43,FR,1717955245
292,ouarzazat,30.9189,-6.8934,35.16,7,0,2.57,MA,1717955245
293,mizdah,31.4451,12.9801,36.59,12,13,4.53,LY,1717955245
294,palikir - national government center,6.9248,158.1611,25.41,94,100,5.47,FM,1717955245
295,pasighat,28.0667,95.3333,25.06,93,14,1.96,IN,1717955246
296,itamaraca,-7.7478,-34.8256,29.03,71,14,5.5,BR,1717955246
297,port alfred,-33.5906,26.891,16.21,64,0,2.8,ZA,1717955246
298,sao joao da barra,-21.6403,-41.0511,28.05,70,3,5.12,BR,1717955246
299,alesund,62.4723,6.1549,13.2,87,75,10.29,NO,1717955246
300,miles city,46.4083,-105.8406,19.54,48,100,4.63,US,1717955246
301,shanwei,22.782,115.3475,27.08,86,91,0.51,CN,1717955246
302,cicero dantas,-10.6,-38.3833,28.51,49,8,6.02,BR,1717955246
303,praia da vitoria,38.7333,-27.0667,22.14,68,20,4.52,PT,1717955246
304,rimouski,48.4488,-68.524,11.1,100,100,1.02,CA,1717955210
305,taksimo,56.3444,114.8794,9.19,70,20,0.83,RU,1717955246
306,conceicao da barra,-18.5933,-39.7322,24.73,64,100,2.33,BR,1717955246
307,muncie,40.1934,-85.3864,24.96,46,20,6.69,US,1717955100
308,taguatinga,-12.3857,-46.5711,33.77,23,90,2.94,BR,1717955246
309,port macquarie,-31.4333,152.9167,6.61,78,4,2.28,AU,1717955246
310,kiunga,-6.1219,141.2906,23.56,99,87,1.43,PG,1717955246
311,vigan,17.5747,120.3869,27.71,85,100,2.15,PH,1717955247
312,dapa,9.7594,126.0531,27.62,80,88,1.55,PH,1717955247
313,gilgit,35.9221,74.3087,19.91,46,33,1.58,PK,1717955037
314,zhezqazghan,47.7833,67.7667,23.32,43,40,6.0,KZ,1717955247
315,kone,-21.0595,164.8658,22.19,84,100,1.69,NC,1717955247
316,tyrone,33.4712,-84.5972,32.72,50,65,4.12,US,1717955247
317,mount gambier,-37.8333,140.7667,5.17,91,79,1.95,AU,1717955104
318,dahanu,19.9667,72.7333,29.23,73,97,1.74,IN,1717955247
319,haiku-pauwela,20.9219,-156.3051,25.02,72,0,7.72,US,1717955247
320,ludvika,60.1496,15.1878,9.32,86,100,4.93,SE,1717955247
321,portland,45.5234,-122.6762,22.56,66,75,1.79,US,1717955247
322,chateaudun,48.0833,1.3333,19.08,76,20,5.19,FR,1717955247
323,karmala,18.4167,75.2,23.28,91,100,5.88,IN,1717955247
324,taltal,-25.4,-70.4833,17.61,69,76,1.96,CL,1717955247
325,chamical,-30.36,-66.314,28.55,12,0,5.85,AR,1717955247
326,puerto quijarro,-17.7833,-57.7667,35.57,21,55,4.7,BO,1717955247
327,lucapa,-8.4192,20.7447,22.16,27,31,1.84,AO,1717955247
328,itoman,26.1247,127.6694,24.43,100,75,4.12,JP,1717955248
329,ngaruawahia,-37.6674,175.1555,16.98,90,100,4.02,NZ,1717955248
330,mccook,40.2019,-100.6257,23.03,57,0,5.14,US,1717955248
331,naze,28.3667,129.4833,22.51,87,82,3.14,JP,1717955248
332,port douglas,-16.4833,145.4667,18.06,68,6,2.41,AU,1717955248
333,tamanrasset,22.785,5.5228,36.95,10,40,4.12,DZ,1717955248
334,scarborough,54.2797,-0.4044,13.76,72,95,1.79,GB,1717955132
335,harstad,68.799,16.5293,18.66,59,27,3.13,NO,1717955248
336,talara,-4.5772,-81.2719,24.42,69,0,7.88,PE,1717954995
337,puerto colombia,10.9878,-74.9547,29.05,65,69,2.76,CO,1717955248
338,tercan,39.7794,40.3925,13.63,79,99,1.11,TR,1717955248
339,tenno,39.9,139.9667,17.36,96,100,2.59,JP,1717955248
340,selfoss,63.9331,-20.9971,14.47,53,69,6.01,IS,1717955248
341,lazarevskoye,43.9061,39.3331,20.27,85,98,1.15,RU,1717955209
342,chulakkurgan,43.765,69.1814,27.18,31,97,2.48,KZ,1717955248
343,mantua,45.1667,10.7833,26.58,72,72,2.24,IT,1717955248
344,prado,-17.3411,-39.2208,25.4,66,81,4.14,BR,1717955249
345,kyzyl,51.7,94.45,21.12,49,83,2.68,RU,1717955249
346,hirara,24.8,125.2833,26.15,100,23,0.51,JP,1717955249
347,nemuro,43.3236,145.575,9.94,95,100,6.88,JP,1717955249
348,jijiang,29.2906,106.2542,21.38,93,97,1.03,CN,1717955249
349,mvomero,-6.25,38.6667,22.16,72,49,1.42,TZ,1717955249
350,eyl,7.9803,49.8164,27.91,76,67,11.08,SO,1717955249
351,bulayevo,54.9056,70.4439,15.36,89,43,6.6,KZ,1717955249
352,saubara,-12.7375,-38.7686,26.29,71,14,3.81,BR,1717955249
353,queenstown,-31.8976,26.8753,10.26,50,0,2.86,ZA,1717955249
354,bol'shoye boldino,55.0059,45.3142,15.78,82,14,1.36,RU,1717955249
355,ancud,-41.8697,-73.8203,11.01,85,50,5.65,CL,1717955233
356,sechura,-5.5569,-80.8222,24.38,56,68,4.26,PE,1717955250
357,yulinshi,38.2906,109.7494,23.92,29,68,2.54,CN,1717955250
358,tual,-5.6667,132.75,26.93,83,47,9.06,ID,1717955250
359,tralee,52.2704,-9.7026,14.14,82,40,4.12,IE,1717955250
360,kerikeri,-35.2268,173.9474,17.73,95,100,4.02,NZ,1717955250
361,talitsy,56.5289,42.3344,16.48,74,88,1.83,RU,1717955250
362,dauphin,51.1494,-100.0502,13.08,71,100,6.17,CA,1717955250
363,tsumeb,-19.2333,17.7167,18.94,35,15,3.71,NA,1717955250
364,saint-pierre,-21.3393,55.4781,20.82,78,0,2.57,RE,1717955250
365,murghob,38.1702,73.9667,3.71,71,99,1.84,TJ,1717955250
366,kaedi,16.1465,-13.5047,40.61,19,83,4.09,MR,1717955250
367,roma,43.2128,-75.4557,19.65,66,75,6.69,US,1717955247
368,kavieng,-2.5744,150.7967,28.26,80,83,3.23,PG,1717955251
369,ocean city,39.2776,-74.5746,28.43,54,71,4.92,US,1717955251
370,oliveira dos brejinhos,-12.3169,-42.8961,33.0,21,83,3.58,BR,1717955251
371,remire-montjoly,4.9167,-52.2667,28.02,83,75,2.57,GF,1717955251
372,siocon,7.7061,122.1353,26.51,87,100,1.39,PH,1717955251
373,plattsburgh,44.6995,-73.4529,19.09,79,95,0.45,US,1717955024
374,harper,4.375,-7.7169,26.53,86,90,3.91,LR,1717955251
375,lubango,-14.9172,13.4925,21.92,37,75,2.57,AO,1717955001
376,nantucket,41.2835,-70.0995,18.41,88,100,8.23,US,1717954961
377,pangai,-19.8,-174.35,23.06,68,20,5.66,TO,1717955251
378,chebarkul',54.9749,60.3633,13.88,97,100,2.53,RU,1717955251
379,sydney,-33.8679,151.2073,11.51,77,0,5.66,AU,1717954494
380,tokar,18.4254,37.729,36.34,29,5,8.18,SD,1717955252
381,burutu,5.3509,5.5076,25.6,88,100,3.8,NG,1717955252
382,jaisalmer,26.9147,70.9181,35.0,27,50,0.74,IN,1717955252
383,nova xavantina,-14.6667,-52.35,33.0,26,99,2.82,BR,1717955252
384,coronel suarez,-37.4547,-61.9334,18.56,71,71,7.44,AR,1717955102
385,olinda,-8.0089,-34.8553,28.85,74,40,8.75,BR,1717955252
386,saint-georges,12.0564,-61.7485,31.82,66,40,7.2,GD,1717955252
387,urengoy,65.9667,78.3667,6.14,74,55,3.09,RU,1717955252
388,dingzhou,38.5131,114.9956,21.06,35,83,2.93,CN,1717955252
389,weno,7.4515,151.8468,26.97,100,100,0.0,FM,1717955252
390,paradip garh,20.3167,86.6167,30.72,73,100,6.92,IN,1717955252
391,bodo,67.28,14.405,17.02,48,0,6.17,NO,1717955252
392,fort st. john,56.2499,-120.8529,8.94,81,100,1.54,CA,1717955252
393,dolores,-36.3132,-57.6792,23.55,66,58,7.99,AR,1717955253
394,shingu,33.7333,135.9833,18.27,97,100,3.57,JP,1717955253
395,phan rang-thap cham,11.5667,108.9833,25.96,88,99,2.59,VN,1717955253
396,freeport,40.6576,-73.5832,25.66,66,75,7.72,US,1717955048
397,bandar lampung,-5.4254,105.258,23.22,97,41,0.75,ID,1717955253
398,mandiana,10.6333,-8.6833,33.88,44,84,1.37,GN,1717955253
399,lalin,42.7167,-8.1167,16.03,59,87,3.34,ES,1717955253
400,morondava,-20.2833,44.2833,25.28,53,30,6.34,MG,1717955253
401,ballina,-28.8667,153.5667,10.99,83,13,3.98,AU,1717955253
402,diego de almagro,-26.3667,-70.05,23.5,18,12,4.68,CL,1717955222
403,yaren,-0.5472,166.916,29.49,74,99,7.07,NR,1717955253
404,laredo,27.5064,-99.5075,33.16,55,0,5.66,US,1717955253
405,horta,38.5333,-28.6333,21.8,86,40,6.71,PT,1717955253
406,alo,7.4178,6.7371,29.11,69,81,3.51,NG,1717955253
407,buri,-23.7975,-48.5928,28.79,29,71,3.64,BR,1717955253
408,constantia,44.1833,28.65,23.38,71,67,6.57,RO,1717955046
409,la passe,45.5549,-0.8967,23.13,78,39,6.66,FR,1717955254
410,manokwari,-0.8667,134.0833,26.0,77,92,1.71,ID,1717955254
411,kupang,-10.1667,123.5833,26.32,89,0,3.6,ID,1717955254
412,viet tri,21.3019,105.4308,25.97,95,100,2.51,VN,1717955254
413,sarreguemines,49.0833,7.3333,21.47,68,95,3.46,FR,1717955254
414,kill devil hills,36.0307,-75.676,31.01,41,0,5.14,US,1717955254
415,chui,-33.6971,-53.4616,23.48,73,94,6.33,UY,1717955254
416,'ain abid,36.2319,6.9433,23.93,44,73,5.63,DZ,1717955254
417,antalaha,-14.9003,50.2788,21.45,78,64,4.22,MG,1717955254
418,zhangzhou,24.5133,117.6556,26.96,97,100,0.36,CN,1717955254
419,ketchikan,55.3422,-131.6461,13.26,35,100,3.09,US,1717955254
420,chifeng,42.2683,118.9636,20.89,36,83,3.73,CN,1717955255
421,domat,46.8348,9.4508,19.51,91,100,1.26,CH,1717955255
422,kurakhovo,47.9852,37.2821,22.62,57,53,3.05,UA,1717955255
423,broome,42.2506,-75.833,20.26,70,100,4.63,US,1717955255
424,santo domingo de los colorados,-0.25,-79.15,26.68,70,94,2.03,EC,1717955255
425,mejit,10.2753,170.8646,27.96,81,41,6.76,MH,1717955255
426,grand falls-windsor,48.9332,-55.6649,15.84,88,86,3.9,CA,1717955255
427,gijang,35.2442,129.2139,19.85,95,39,1.72,KR,1717955229
428,ulsteinvik,62.3432,5.8487,13.2,89,100,11.62,NO,1717955255
429,khorugh,37.4897,71.553,11.59,58,32,2.08,TJ,1717955158
430,imeni morozova,59.9757,31.0376,14.02,93,100,4.18,RU,1717955255
431,porto novo,6.4965,2.6036,27.9,82,64,4.0,BJ,1717955255
432,vila franca do campo,37.7167,-25.4333,20.23,99,82,2.43,PT,1717955255
433,xilin hot,43.9667,116.0333,17.52,50,83,2.71,CN,1717954984
434,puerto armuelles,8.2833,-82.8667,29.99,72,100,1.79,PA,1717955255
435,east ballina,-28.8667,153.5833,11.0,83,13,3.98,AU,1717955255
436,hammerfest,70.6634,23.6821,14.25,62,0,3.6,NO,1717955255
437,sidney,-33.8679,151.2073,11.46,77,0,6.17,AU,1717955104
438,nuevo ideal,24.8875,-105.0728,27.76,15,0,2.98,MX,1717955256
439,benghazi,32.1167,20.0667,25.04,57,0,5.73,LY,1717955256
440,avanigadda,16.0215,80.9181,29.41,54,100,4.57,IN,1717955257
441,peterhead,57.5058,-1.7981,12.47,81,53,8.44,GB,1717955257
442,aras-asan,8.8908,126.3033,25.96,88,93,1.84,PH,1717955257
443,cogealac,44.55,28.5667,23.02,62,49,5.43,RO,1717955257
444,cangzhou,38.3167,116.8667,24.94,41,50,1.02,CN,1717955257
445,mokhsogollokh,61.4681,128.9203,12.9,63,10,1.22,RU,1717955257
446,kotabumi,-4.8333,104.9,23.67,95,32,1.63,ID,1717955257
447,new norfolk,-42.7826,147.0587,4.28,76,47,1.65,AU,1717955257
448,tabuk,17.4189,121.4443,23.72,95,100,1.14,PH,1717955257
449,merke,42.8728,73.1786,22.87,35,100,5.39,KZ,1717955257
450,richards bay,-28.783,32.0377,15.87,69,0,2.73,ZA,1717955257
451,santa eularia des riu,38.9846,1.5341,24.45,72,0,4.63,ES,1717955257
452,zuya,45.0531,34.3154,21.71,64,90,2.2,UA,1717955278
453,manta,-0.95,-80.7333,25.88,73,75,4.63,EC,1717955278
454,nema,57.5067,50.5011,15.46,72,24,3.34,RU,1717955278
455,sabang,5.8933,95.3214,29.42,75,64,8.65,ID,1717955279
456,nova sintra,14.8667,-24.7167,23.9,80,0,8.24,CV,1717955279
457,laurel,39.0993,-76.8483,28.25,58,40,7.72,US,1717955279
458,spring creek,40.7266,-115.5859,28.78,30,34,1.79,US,1717955279
459,graham,47.0529,-122.2943,18.11,69,20,3.6,US,1717954999
460,dondo,-19.6094,34.7431,21.73,73,1,4.27,MZ,1717955279
461,boden,65.8252,21.6886,17.0,72,90,4.95,SE,1717955279
462,urangan,-25.3,152.9,13.44,74,18,2.68,AU,1717955279
463,astravyets,54.6138,25.9554,17.14,91,49,2.79,BY,1717955279
464,choyr,46.3611,108.3611,19.06,30,35,4.75,MN,1717955279
465,erenhot,43.6475,111.9767,24.4,20,71,6.19,CN,1717955279
466,sijunjung,-0.6876,100.9537,22.29,95,53,1.0,ID,1717955279
467,oranjemund,-28.55,16.4333,19.93,31,32,4.57,NA,1717955279
468,yung shue wan,22.2333,114.1167,27.68,90,100,3.09,HK,1717955280
469,caleta de carquin,-11.0925,-77.6267,20.17,71,57,4.47,PE,1717955280
470,puerto la cruz,10.2167,-64.6167,27.48,79,96,3.89,VE,1717955280
471,mahina,-17.5065,-149.489,25.87,78,75,1.03,PF,1717955280
472,kaithal,29.8,76.3833,34.38,14,0,2.85,IN,1717955280
473,elko,41.0002,-115.5012,28.97,31,62,2.24,US,1717955280
474,valley city,46.9233,-98.0032,19.29,48,0,4.63,US,1717955280
475,soloma,15.7167,-91.45,22.44,60,85,2.78,GT,1717955280
476,magistral'nyy,56.1725,107.4458,12.43,52,100,1.03,RU,1717955280
477,levelland,33.5873,-102.378,30.11,36,1,6.42,US,1717955280
478,kusa,55.3383,59.4406,13.65,99,100,0.98,RU,1717955260
479,tinajo,29.0788,-13.7081,22.49,68,20,3.09,ES,1717955280
480,fisterra,42.9049,-9.2629,15.97,73,6,10.63,ES,1717955280
481,yinchuan,38.4681,106.2731,25.05,30,65,3.63,CN,1717955280
482,tadine,-21.55,167.8833,23.28,88,100,2.13,NC,1717955280
483,sumbawa besar,-8.5,117.4333,22.77,95,56,1.71,ID,1717955280
484,ola,59.5833,151.2833,5.08,95,100,1.56,RU,1717955281
485,isangel,-19.55,169.2667,23.56,86,95,1.65,VU,1717955281
486,bay city,43.5945,-83.8889,21.12,49,75,11.83,US,1717955281
487,kukuna,9.4,-12.6667,30.33,70,77,1.94,SL,1717955281
488,swan view,-31.8833,116.05,18.27,82,75,4.63,AU,1717955281
489,puerto baquerizo moreno,-0.9,-89.6,25.55,73,100,7.2,EC,1717955281
490,ocna mures,46.3833,23.85,26.8,81,66,0.33,RO,1717955281
491,banda aceh,5.5577,95.3222,27.43,80,85,5.82,ID,1717955281
492,fort knox,37.8911,-85.9636,23.77,56,75,3.6,US,1717955281
493,moratalla,38.1893,-1.8918,22.77,40,90,4.08,ES,1717955281
494,whakatane,-37.9585,176.9854,18.21,99,100,1.79,NZ,1717955281
495,axams,47.2081,11.2869,17.38,80,75,5.14,AT,1717955281
496,novyy urgal,51.0736,132.5642,10.45,95,100,0.61,RU,1717955282
497,al minya,28.1099,30.7503,32.75,16,0,4.53,EG,1717955282
498,wynyard,-41.0,145.7167,6.74,79,6,3.22,AU,1717955282
499,noumea,-22.2763,166.4572,24.44,99,100,0.59,NC,1717955282
500,kapa'a,22.0752,-159.319,25.18,80,75,7.72,US,1717955282
501,puno,-15.8333,-70.0333,12.76,28,59,3.24,PE,1717955282
502,puerto lleras,3.0223,-73.4044,27.18,91,39,1.83,CO,1717955282
503,ondjiva,-17.0667,15.7333,26.02,19,0,1.03,AO,1717955282
504,sambava,-14.2667,50.1667,22.97,74,85,7.12,MG,1717955282
505,barra de santo antonio,-9.4047,-35.5072,28.6,74,15,6.01,BR,1717955282
506,nizhneangarsk,55.7833,109.55,10.56,58,100,0.89,RU,1717955282
507,recani,31.2846,-4.2688,35.45,8,28,4.46,MA,1717955282
508,cidade velha,14.9167,-23.6167,28.26,54,20,8.23,CV,1717955282
509,celestun,20.8667,-90.4,30.81,66,94,5.85,MX,1717955282
510,whangarei,-35.7317,174.3239,17.1,95,100,2.07,NZ,1717955282
511,naama,33.2667,-0.3167,27.63,21,23,7.32,DZ,1717955283
512,altai,46.3722,96.2583,14.25,48,83,2.57,MN,1717955283
513,myeik,12.4333,98.6,25.9,91,100,8.89,MM,1717955283
514,pandan,14.0453,124.1694,26.94,87,11,2.0,PH,1717955283
515,lebedyn,50.5852,34.4849,19.14,66,55,1.48,UA,1717955283
516,nagqu,31.5,92.0,8.86,54,91,1.84,CN,1717955283
517,al mutayrifi,25.4788,49.5576,39.19,39,0,2.99,SA,1717955283
518,howard springs,-12.497,131.047,18.95,88,0,2.72,AU,1717955283
519,purcellville,39.1368,-77.7147,25.8,65,100,4.63,US,1717955219
520,aswan,24.0934,32.907,40.61,7,0,6.17,EG,1717954502
521,yeroham,30.9872,34.9314,24.42,48,0,6.53,IL,1717955283
522,bokaro,23.7833,85.9667,38.1,20,100,2.87,IN,1717955283
523,quellon,-43.1167,-73.6167,11.57,81,55,4.41,CL,1717955283
524,malango,-2.9627,119.9001,18.9,99,74,0.94,ID,1717955283
525,gandajika,-6.75,23.95,23.53,33,74,2.17,CD,1717955283
526,kolonia,50.9333,6.95,19.36,39,0,5.66,DE,1717955179
527,nadi,-17.8,177.4167,20.0,77,20,3.09,FJ,1717955284
528,mel'nikovo,56.5558,84.085,11.03,81,5,1.66,RU,1717955284
529,luanda,-8.8368,13.2343,24.0,83,0,3.6,AO,1717955284
530,galliano,29.4422,-90.2992,34.44,58,75,1.54,US,1717955284
531,laizhou,37.1717,119.9214,23.35,47,100,1.45,CN,1717955284
532,kolonia town,6.964,158.206,26.0,94,100,5.45,FM,1717955284
533,haradok,55.4624,29.9816,14.98,88,93,3.66,BY,1717955284
534,bridgewater,44.3835,-64.5155,23.71,70,94,8.75,CA,1717955107
535,hailey,43.5196,-114.3153,26.61,47,40,5.14,US,1717955284
536,yerkoy,39.6381,34.4672,17.99,63,19,2.86,TR,1717955284
537,aitape,-3.1374,142.3475,25.46,91,47,2.0,PG,1717955284
538,konongo,6.6167,-1.2167,23.83,97,89,1.26,GH,1717955284
539,westport,41.1415,-73.3579,22.99,70,75,6.17,US,1717955284
540,saint george's,12.0564,-61.7485,31.82,66,40,7.2,GD,1717955273
541,at taj,24.2049,23.2857,31.34,13,0,3.62,LY,1717955284
542,nar'yan-mar,67.6713,53.087,5.06,71,97,4.92,RU,1717955284
543,kirakira,-10.4544,161.9205,26.92,87,70,4.12,SB,1717955285
544,ayvacik,39.6011,26.4047,24.79,37,2,3.98,TR,1717955285
545,mahanoro,-19.9,48.8,18.86,93,99,5.35,MG,1717955285
546,mangrul pir,20.3167,77.35,32.75,45,22,5.28,IN,1717955285
547,ulan bator,47.9077,106.8832,15.07,44,40,2.0,MN,1717955285
548,villa gesell,-37.2639,-56.973,20.59,82,65,8.98,AR,1717955285
549,suntar,62.1444,117.6319,11.18,90,67,1.87,RU,1717955285
550,laojunmiao,39.8333,97.7333,19.62,17,89,5.21,CN,1717955285
551,agat village,13.3886,144.6585,28.06,90,20,3.09,GU,1717955285
552,along,28.1667,94.7667,20.94,98,4,0.58,IN,1717955285
553,hooper,41.1638,-112.1224,30.83,37,40,6.69,US,1717955285
554,cestos city,5.46,-9.5828,26.96,84,64,3.65,LR,1717955285
555,bengkulu,-3.8004,102.2655,24.25,90,85,1.71,ID,1717955285
556,glace bay,46.1969,-59.957,21.2,72,75,4.63,CA,1717955285
557,vila velha,-20.3297,-40.2925,28.31,99,20,4.12,BR,1717955130
558,kisangani,0.5167,25.2,26.74,63,97,0.97,CD,1717955136
559,korla,41.7597,86.1469,26.52,24,100,4.35,CN,1717955286
560,tofol,5.3248,163.0078,28.86,76,97,6.25,FM,1717955286
561,mar del plata,-38.0023,-57.5575,19.49,94,40,3.09,AR,1717955019
562,jacmel,18.2342,-72.5347,33.91,67,100,4.91,HT,1717955286
563,oroqen zizhiqi,50.5667,123.7167,12.93,65,100,2.09,CN,1717955286
564,bure,10.7,37.0667,17.19,81,89,1.89,ET,1717955286
565,oakdale,44.963,-92.9649,21.65,44,0,9.77,US,1717955142
566,saynshand,44.8824,110.1163,23.9,21,100,7.63,MN,1717955286
567,sona,45.4388,10.8255,25.75,79,40,5.14,IT,1717955286
568,bubaque,11.2833,-15.8333,26.87,76,57,5.05,GW,1717955287
569,egilsstadir,65.2653,-14.3948,8.95,66,75,3.6,IS,1717955287
